<?xml version="1.0" encoding="UTF-8" ?>
<!DOCTYPE struts PUBLIC "-//Apache Software Foundation//DTD Struts Configuration 2.1//EN" "http://struts.apache.org/dtds/struts-2.1.dtd">
<struts>
	<constant name="struts.devMode" value="false" />
	<constant name="struts.i18n.encoding" value="utf-8" />
	<constant name="struts.multipart.saveDir" value="/tmp" />
	<constant name="struts.multipart.maxSize" value="102400000" />

	<package name="page" extends="struts-default" namespace="/">
		<interceptors>
			<interceptor name="loginAuth" class="loginInterceptor" />
			<interceptor name="loginStatus" class="userSessionInject" />
			<interceptor-stack name="loginStatusStack">
				<interceptor-ref name="loginStatus" />
				<interceptor-ref name="defaultStack" />
			</interceptor-stack>
		</interceptors>
		<default-interceptor-ref name="loginStatusStack" />
		<default-action-ref name="index"></default-action-ref>
		<action name="index" class="indexAction">
			<result name="success">index.jsp</result>
		</action>
		<action name="ins" class="insAction">
			<result name="success">ins.jsp</result>
		</action>
		<action name="list" class="insAction" method="list">
			<result name="success">list.jsp</result>
		</action>
		<action name="upload" class="insAction" method="uploadPage">
			<result name="success">upload.jsp</result>
		</action>
		<action name="listInsOfUser" class="insAction" method="listInsOfUser">
			<interceptor-ref name="defaultStack" />
			<interceptor-ref name="loginAuth" />
			<result name="success">listInsOfUser.jsp</result>
			<result name="error">needlogin.jsp</result>
		</action>
		<action name="notification" class="notificationAction" method="list">
			<result name="success">notification.jsp</result>
		</action>
		<action name="download" class="insAction" method="download">
			<interceptor-ref name="defaultStack" />
			<interceptor-ref name="loginAuth" />
			<result name="file" type="stream">
				<param name="contentType">${contentType}</param>
				<param name="inputName">fileDownload</param>
				<param name="contentDisposition">attachment;filename="${filename}"</param>
				<param name="bufferSize">1024</param>
			</result>
			<result name="error">needlogin.jsp</result>
		</action>
		<action name="verifyCountBath" class="insAction" method="verifyCountBath">
			<result name="success" type="redirectAction">index</result>
		</action>
	</package>
	<package name="webJson" extends="json-default" namespace="/json">
		<interceptors>
			<interceptor name="loginAuth" class="loginInterceptor" />
			<interceptor-stack name="loginAuthStack">
				<interceptor-ref name="loginAuth" />
				<interceptor-ref name="defaultStack" />
			</interceptor-stack>
		</interceptors>
		<global-results>
			<result name="error" type="json">
				<param name="includeProperties">
					feedback
				</param>
			</result>
		</global-results>
		<action name="comment" class="commentAction" method="post">
			<result name="success" type="json">
				<param name="includeProperties">
					feedback,userSession.*
				</param>
			</result>
			<interceptor-ref name="loginAuthStack" />
		</action>
		<action name="lfb" class="userAction" method="queryLfb">
			<result name="success" type="json">
				<param name="includeProperties">
					feedback,lfb
				</param>
			</result>
			<interceptor-ref name="loginAuthStack" />
		</action>
		<action name="login" class="userAction" method="login">
			<result name="success" type="json">
				<param name="includeProperties">
					feedback,loginUser.*
				</param>
			</result>
		</action>
		<action name="logout" class="userAction" method="logout">
			<result name="success" type="json">
				<param name="includeProperties">
					feedback
				</param>
			</result>
		</action>
		<action name="comment_list" class="commentAction" method="list">
			<result name="success" type="json">
				<param name="includeProperties">
					feedback,pageView.*
				</param>
			</result>
		</action>
		<action name="debug" class="userAction" method="debug">
			<result name="success" type="json">
				<param name="includeProperties">
					feedback
				</param>
			</result>
		</action>
		<action name="upload" class="insAction" method="upload">
			<result name="success" type="json">
				<param name="includeProperties">
					feedback
				</param>
			</result>
			<interceptor-ref name="loginAuthStack" />
		</action>
		<action name="uploadFile" class="insAction" method="uploadFile">
			<result name="success" type="json">
				<param name="includeProperties">
					feedback,fileFolderAndName
				</param>
			</result>
			<interceptor-ref name="loginAuthStack" />
		</action>
		<action name="brandsByCid" class="categoryAction" method="brandsByCid">
			<result name="success" type="json">
				<param name="includeProperties">
					feedback,brands.*
				</param>
			</result>
			<interceptor-ref name="loginAuthStack" />
		</action>
		<action name="readAllNotification" class="notificationAction"
			method="readAll">
			<result name="success">notification.jsp</result>
		</action>
		<action name="newNotificationCount" class="notificationAction"
			method="newCount">
			<result name="success">notification.jsp</result>
		</action>
	</package>

	<package name="admin" extends="struts-default" namespace="/admin">
		<interceptors>
			<interceptor name="adminAuth" class="adminInterceptor" />
			<interceptor-stack name="adminAuthStack">
				<interceptor-ref name="adminAuth" />
				<interceptor-ref name="defaultStack" />
			</interceptor-stack>
		</interceptors>
		<default-interceptor-ref name="adminAuthStack" />
		<global-results>
			<result name="error">login.jsp</result>
		</global-results>
		<action name="index" class="adminAdminAction">
			<result name="success">index.jsp</result>
		</action>
		<action name="login" class="adminAdminAction" method="login">
			<result name="success" type="redirectAction">index</result>
			<result name="login">login.jsp</result>
			<interceptor-ref name="defaultStack" />
		</action>
		<action name="logout" class="adminAdminAction" method="logout">
			<result name="success">login.jsp</result>
			<interceptor-ref name="defaultStack" />
		</action>
		<action name="*-dataExport" class="{1}AdminAction" method="dataExport">
			<result name="success" type="stream">
				<param name="contentType">application/vnd.ms-excel</param>
				<param name="inputName">fileExport</param>
				<param name="contentDisposition">attachment;filename="${fileFileName}"</param>
				<param name="bufferSize">1024</param>
			</result>
		</action>
		<action name="*_*" class="{1}AdminAction" method="{2}">
			<result name="success">
				{1}/{2}.jsp
			</result>
		</action>
	</package>

	<package name="adminJson" extends="json-default" namespace="/admin/json">
		<interceptors>
			<interceptor name="adminAuth" class="adminInterceptor" />
			<interceptor-stack name="adminAuthStack">
				<interceptor-ref name="adminAuth" />
				<interceptor-ref name="defaultStack" />
			</interceptor-stack>
		</interceptors>
		<default-interceptor-ref name="adminAuthStack" />
		<global-results>
			<result name="error" type="json">
				<param name="includeProperties">
					feedback
				</param>
			</result>
		</global-results>
		<action name="*_*_*" class="{1}AdminAction" method="{2}">
			<result name="success" type="json">
				<param name="includeProperties">
					feedback,
					{3}.*
				</param>
			</result>
		</action>
	</package>

	<package name="api" extends="json-default" namespace="/api">
		<action name="uc" class="userAction" method="ucSync">
			<result name="success" type="json">
				<param name="includeProperties">
					feedback
				</param>
			</result>
		</action>
	</package>


</struts>    
