<?xml version="1.0" encoding="UTF-8"?>
<!DOCTYPE hibernate-reverse-engineering PUBLIC "-//Hibernate/Hibernate Reverse Engineering DTD 3.0//EN" "http://hibernate.sourceforge.net/hibernate-reverse-engineering-3.0.dtd" >

<hibernate-reverse-engineering>

<table name="phpcms_c_download" catalog="instruction">
		<primary-key>
			<generator class="native"></generator>
		</primary-key>
	</table>
	<table name="credit_rule" catalog="instruction">
		<primary-key>
			<generator class="native"></generator>
		</primary-key>
	</table>
<table name="credit_log" catalog="instruction">
	<primary-key>
		<generator class="native"></generator>
	</primary-key>
</table>
</hibernate-reverse-engineering>