<?xml version="1.0" encoding="UTF-8"?>
<beans xmlns="http://www.springframework.org/schema/beans"
	xmlns:xsi="http://www.w3.org/2001/XMLSchema-instance" xmlns:p="http://www.springframework.org/schema/p"
	xsi:schemaLocation="http://www.springframework.org/schema/beans http://www.springframework.org/schema/beans/spring-beans-3.0.xsd">

	<bean id="dataSource" class="org.apache.commons.dbcp.BasicDataSource">
		<property name="driverClassName" value="com.mysql.jdbc.Driver">
		</property>
		<property name="url"
			value="jdbc:mysql://localhost/instruction?useUnicode=true&amp;characterEncoding=UTF-8">
		</property>
		<property name="username" value="root"></property>
		<property name="password" value="morningtel"></property>
	</bean>

	<bean id="sessionFactory"
		class="org.springframework.orm.hibernate3.LocalSessionFactoryBean">
		<property name="dataSource">
			<ref bean="dataSource" />
		</property>
		<property name="hibernateProperties">
			<props>
				<prop key="hibernate.dialect">
					org.hibernate.dialect.MySQLDialect
				</prop>
				<prop key="hibernate.show_sql">true</prop>
				<prop key="hibernate.format_sql">true</prop>
			</props>
		</property>
		<property name="mappingResources">
			<list>
				<value>instruction/model/Admin.hbm.xml</value>
				<value>instruction/model/User.hbm.xml</value>
				<value>instruction/model/Instruction.hbm.xml</value>
				<value>instruction/model/Message.hbm.xml</value>
				<value>instruction/model/Brand.hbm.xml</value>
				<value>instruction/model/File.hbm.xml</value>
				<value>instruction/model/Category.hbm.xml</value>
				<value>instruction/model/Comment.hbm.xml</value>
				<value>instruction/model/PhpcmsContent.hbm.xml</value>
				<value>instruction/model/PhpcmsCDownload.hbm.xml</value>
			</list>
		</property>
	</bean>

	<bean id="adminDao" class="instruction.dao.impl.AdminDaoImpl"
		scope="singleton">
		<property name="sessionFactory">
			<ref bean="sessionFactory" />
		</property>
	</bean>
	<bean id="categoryDao" class="instruction.dao.impl.CategoryDaoImpl"
		scope="singleton">
		<property name="sessionFactory">
			<ref bean="sessionFactory" />
		</property>
	</bean>
	<bean id="phpcmsContentDao" class="instruction.dao.impl.PhpcmsDaoImpl"
		scope="singleton">
		<property name="sessionFactory">
			<ref bean="sessionFactory" />
		</property>
	</bean>
	<bean id="instructionDao" class="instruction.dao.impl.InstructionDaoImpl"
		scope="singleton">
		<property name="sessionFactory">
			<ref bean="sessionFactory" />
		</property>
	</bean>
	<bean id="brandDao" class="instruction.dao.impl.BrandDaoImpl"
		scope="singleton">
		<property name="sessionFactory">
			<ref bean="sessionFactory" />
		</property>
	</bean>
	<bean id="commentDao" class="instruction.dao.impl.CommentDaoImpl"
		scope="singleton">
		<property name="sessionFactory">
			<ref bean="sessionFactory" />
		</property>
	</bean>
	<bean id="userDao" class="instruction.dao.impl.UserDaoImpl" scope="singleton">
		<property name="sessionFactory">
			<ref bean="sessionFactory" />
		</property>
	</bean>

	<bean id="adminService" class="instruction.service.impl.AdminServiceImpl"
		scope="singleton">
		<property name="adminDao">
			<ref bean="adminDao" />
		</property>
	</bean>
	<bean id="categoryService" class="instruction.service.impl.CategoryServiceImpl"
		scope="singleton">
		<property name="categoryDao">
			<ref bean="categoryDao" />
		</property>
	</bean>
	<bean id="dataShiftService" class="instruction.service.impl.DataShiftServiceImpl"
		scope="singleton">
		<property name="phpcmsContentDao">
			<ref bean="phpcmsContentDao" />
		</property>
		<property name="instructionDao">
			<ref bean="instructionDao" />
		</property>
		<property name="categoryDao">
			<ref bean="categoryDao" />
		</property>
		<property name="brandDao">
			<ref bean="brandDao" />
		</property>
	</bean>
	<bean id="instructionService" class="instruction.service.impl.InstructionServiceImpl"
		scope="singleton">
		<property name="instructionDao">
			<ref bean="instructionDao" />
		</property>
	</bean>
	<bean id="commentService" class="instruction.service.impl.CommentServiceImpl"
		scope="singleton">
		<property name="commentDao">
			<ref bean="commentDao" />
		</property>
		<property name="userDao">
			<ref bean="userDao" />
		</property>
		<property name="instructionDao">
			<ref bean="instructionDao" />
		</property>
	</bean>
	<bean id="userService" class="instruction.service.impl.UserServiceImpl"
		scope="singleton">
		<property name="userDao">
			<ref bean="userDao" />
		</property>
	</bean>

	<bean id="adminAction" class="instruction.action.AdminAction"
		scope="prototype">
		<property name="adminService">
			<ref bean="adminService" />
		</property>
	</bean>
	<bean id="categoryAction" class="instruction.action.CategoryAction"
		scope="prototype">
		<property name="categoryService">
			<ref bean="categoryService" />
		</property>
	</bean>

	<bean id="dataShiftAction" class="instruction.action.DataShiftAction"
		scope="prototype">
		<property name="dataShiftService">
			<ref bean="dataShiftService" />
		</property>
	</bean>
	<bean id="indexAction" class="instruction.action.IndexAction"
		scope="prototype">
		<property name="instructionService">
			<ref bean="instructionService" />
		</property>
		<property name="categoryService">
			<ref bean="categoryService" />
		</property>
	</bean>
	<bean id="insAction" class="instruction.action.InstructionAction"
		scope="prototype">
		<property name="instructionService">
			<ref bean="instructionService" />
		</property>
		<property name="categoryService">
			<ref bean="categoryService" />
		</property>
	</bean>
	<bean id="commentAction" class="instruction.action.CommentAction"
		scope="prototype">
		<property name="commentService">
			<ref bean="commentService" />
		</property>
	</bean>
	<bean id="userAction" class="instruction.action.UserAction" scope="prototype">
		<property name="userService">
			<ref bean="userService" />
		</property>
	</bean>

	<bean id="loginInterceptor" class="instruction.interceptor.LoginInterceptor">
		<property name="userService" ref="userService"></property>
	</bean>

</beans>