<?xml version="1.0" encoding="UTF-8" ?>
<!DOCTYPE struts PUBLIC "-//Apache Software Foundation//DTD Struts Configuration 2.1//EN" "http://struts.apache.org/dtds/struts-2.1.dtd">
<struts>
	<constant name="struts.devMode" value="false" />
	<constant name="struts.i18n.encoding" value="utf-8" />
	<constant name="struts.multipart.saveDir" value="/tmp" />
	<constant name="struts.multipart.maxSize" value="10240000" />

	<package name="page" extends="struts-default" namespace="/">
		<action name="index" class="indexAction">
			<result name="success">index.jsp</result>
		</action>
		<action name="ins" class="insAction">
			<result name="success">ins.jsp</result>
		</action>
		<action name="list" class="insAction" method="list">
			<result name="success">list.jsp</result>
		</action>
		<action name="login" class="userAction" method="login">
			<result name="success">login.jsp</result>
		</action>
		<action name="uc" class="userAction" method="uc">
			<result name="success">uc.jsp</result>
		</action>
	</package>
	<package name="webJson" extends="json-default" namespace="/json">
		<interceptors>
			<interceptor name="loginAuth" class="loginInterceptor" />
			<interceptor-stack name="userLoginAuth">
				<interceptor-ref name="loginAuth" />
				<interceptor-ref name="defaultStack" />
			</interceptor-stack>
		</interceptors>
		<action name="*_*_*" class="{1}Action" method="{2}">
			<result name="success" type="json">
				<param name="includeProperties">
					feedback,
					{3}.*
				</param>
			</result>
		</action>
	</package>

	<package name="admin" extends="struts-default" namespace="/admin">
		<action name="admin" class="adminAction" method="getAdminByAid">
			<result name="success">admin.jsp</result>
		</action>
	</package>
	<package name="adminJson" extends="json-default" namespace="/admin/json">
		<action name="admin" class="adminAction" method="getAdminByAid">
			<result name="success">admin.jsp</result>
		</action>
		<action name="*_*_*" class="{1}Action" method="{2}">
			<result name="success" type="json">
				<param name="includeProperties">
					feedback,
					{3}.*
				</param>
			</result>
		</action>
	</package>


</struts>    
