<?xml version="1.0" encoding="ISO-8859-1"?>
<!DOCTYPE hibernate-mapping PUBLIC "-//Hibernate/Hibernate Mapping DTD 3.0//EN" "http://hibernate.sourceforge.net/hibernate-mapping-3.0.dtd">

<hibernate-mapping>
	<class name="instruction.model.Admin">
		<id name="uid">
			<generator class="foreign">
				<param name="property">user</param>
			</generator>
		</id>
		<property name="username" />
		<property name="password" />
		<property name="alloweditpassword" />
		<property name="disabled" />
		<property name="loginTime" />
		<property name="loginIp" />
		<property name="lastTime" />
		<property name="lastIp" />
		<property name="role" />
		<one-to-one name="user" class="instruction.model.User"
			constrained="true">
		</one-to-one>

	</class>
</hibernate-mapping>
