<?xml version="1.0" encoding="utf-8"?>
<!DOCTYPE hibernate-mapping PUBLIC "-//Hibernate/Hibernate Mapping DTD 3.0//EN"
"http://hibernate.sourceforge.net/hibernate-mapping-3.0.dtd">
	<!--
		Mapping file autogenerated by MyEclipse Persistence Tools
	-->
<hibernate-mapping>
	<class name="instruction.model.CreditLog" table="credit_log"
		catalog="instruction">
		<id name="id" type="java.lang.Integer">
			<column name="id" />
			<generator class="native"></generator>
		</id>
		<property name="credit" type="java.lang.Integer">
			<column name="credit" />
		</property>
		<property name="dateline" type="java.lang.Integer">
			<column name="dateline" not-null="true" />
		</property>
		<property name="description" type="java.lang.String">
			<column name="description"/>
		</property>
		<property name="isSync" type="java.lang.Short">
			<column name="isSync"/>
		</property>
		<property generated="insert" name="isNotified" type="java.lang.Short">
			<column name="isNotified"/>
		</property>
		<many-to-one class="instruction.model.User" column="uid"
			name="user" />
		<many-to-one class="instruction.model.Instruction" column="iid"
			name="instruction" />
		<many-to-one class="instruction.model.CreditRule" column="crid"
			name="creditRule" />
	</class>
</hibernate-mapping>
