<?xml version="1.0" encoding="utf-8"?>
<!DOCTYPE hibernate-mapping PUBLIC "-//Hibernate/Hibernate Mapping DTD 3.0//EN"
"http://hibernate.sourceforge.net/hibernate-mapping-3.0.dtd">
<!-- 
    Mapping file autogenerated by MyEclipse Persistence Tools
-->
<hibernate-mapping>
    <class name="instruction.model.CreditRule" table="credit_rule" catalog="instruction">
        <id name="id" type="java.lang.Integer">
            <column name="id" />
            <generator class="native"></generator>
        </id>
        <property name="credit" type="java.lang.Integer">
            <column name="credit" not-null="true" />
        </property>
        <property name="name" type="java.lang.String">
            <column name="name" length="20" not-null="true" />
        </property>
        <property name="description" type="java.lang.String">
            <column name="description" length="50" not-null="true" />
        </property>
        <property name="dayThreshold" type="java.lang.Integer">
            <column name="day_threshold" not-null="true" />
        </property>
        <property name="monthThreshold" type="java.lang.Integer">
            <column name="month_threshold" not-null="true" />
        </property>
    </class>
</hibernate-mapping>
