<?xml version="1.0" encoding="utf-8"?>
<!DOCTYPE hibernate-mapping PUBLIC "-//Hibernate/Hibernate Mapping DTD 3.0//EN"
                                   "http://hibernate.sourceforge.net/hibernate-mapping-3.0.dtd">
<hibernate-mapping>
	<class catalog="instruction" name="instruction.model.Instruction"
		table="instruction" dynamic-insert="true" dynamic-update="true">
		<id name="id">
			<column name="id" />
			<generator class="native" />
		</id>
		<property generated="never" lazy="false" name="status"
			type="java.lang.Short">
			<column name="status" />
		</property>
		<property generated="never" lazy="false" name="model"
			type="java.lang.String">
			<column length="30" name="model" />
		</property>
		<property generated="never" lazy="false" name="title"
			type="java.lang.String">
			<column length="50" name="title" />
		</property>
		<property generated="never" lazy="false" name="description"
			type="java.lang.String">
			<column length="65535" name="description" />
		</property>
		<property generated="never" lazy="false" name="iconUrl"
			type="java.lang.String">
			<column length="100" name="iconUrl" />
		</property>
		<property generated="never" lazy="false" name="credit"
			type="java.lang.Integer">
			<column name="credit" />
		</property>
		<property generated="never" lazy="false" name="uploadTime"
			type="java.lang.Integer">
			<column name="uploadTime" />
		</property>
		<property generated="never" lazy="false" name="updateTime"
			type="java.lang.Integer">
			<column name="updateTime" />
		</property>
		<property generated="never" lazy="false" name="viewCount"
			type="java.lang.Integer">
			<column name="viewCount" />
		</property>
		<property generated="never" lazy="false" name="downloadCount"
			type="java.lang.Integer">
			<column name="downloadCount" />
		</property>
		<property generated="insert" lazy="false" name="commentCount"
			type="java.lang.Integer">
			<column name="commentCount" />
		</property>
		<property generated="insert" lazy="false" name="commentGrade"
			type="java.lang.Integer">
			<column name="commentGrade" />
		</property>
		<property generated="never" lazy="false" name="editUids"
			type="java.lang.String">
			<column length="100" name="editUids" />
		</property>
		<property generated="never" lazy="false" name="isUserUpload"
			type="java.lang.Short">
			<column name="isUserUpload" />
		</property>
		<property generated="insert" lazy="false" name="order"
			type="java.lang.Integer">
			<column name="order" />
		</property>
		<set name="files" sort="unsorted" table="file" cascade="all"
			inverse="true">
			<key column="iid" />
			<one-to-many class="instruction.model.File" />
		</set>
		<property generated="insert" lazy="false" name="g3Url"
			type="java.lang.String">
			<column length="255" name="g3Url" />
		</property>
		<property lazy="false" name="server" type="java.lang.String">
			<column length="50" name="server" />
		</property>
		<many-to-one class="instruction.model.User" column="uid"
			name="user" />
		<many-to-one class="instruction.model.Brand" column="bid"
			name="brand" />
		<many-to-one class="instruction.model.Category" column="cid"
			name="category" />
	</class>
</hibernate-mapping>
