<?xml version="1.0" encoding="utf-8"?>
<!DOCTYPE hibernate-mapping PUBLIC "-//Hibernate/Hibernate Mapping DTD 3.0//EN"
"http://hibernate.sourceforge.net/hibernate-mapping-3.0.dtd">
<!-- 
    Mapping file autogenerated by MyEclipse Persistence Tools
-->
<hibernate-mapping>
    <class name="instruction.model.Message" table="message" catalog="instruction">
        <id name="id">
            <column name="id" />
            <generator class="native" />
        </id>
        <property name="fromAdmin" type="java.lang.String">
            <column name="fromAdmin" length="50" not-null="true" />
        </property>
        <property name="fromId" type="java.lang.Integer">
            <column name="fromId" not-null="true" />
        </property>
        <property name="toId" type="java.lang.Integer">
            <column name="toId" not-null="true" />
        </property>
        <property name="subject" type="java.lang.String">
            <column name="subject" length="50" not-null="true" />
        </property>
        <property name="content" type="java.lang.String">
            <column name="content" length="65535" />
        </property>
        <property name="dateline" type="java.lang.Integer">
            <column name="dateline" not-null="true" />
        </property>
    </class>
</hibernate-mapping>
