<?xml version="1.0" encoding="ISO-8859-1"?>
<!DOCTYPE hibernate-mapping PUBLIC "-//Hibernate/Hibernate Mapping DTD 3.0//EN" "http://hibernate.sourceforge.net/hibernate-mapping-3.0.dtd">

<hibernate-mapping>
	<class name="instruction.model.Admin">
		<id name="aid">
			<generator class="native" />
		</id>
		<property name="username" />
		<property name="password" />
		<property name="alloweditpassword" />
		<property name="disabled" />
		<property name="role" />
	</class>
</hibernate-mapping>
