<?xml version="1.0" encoding="utf-8"?>
<!DOCTYPE hibernate-mapping PUBLIC "-//Hibernate/Hibernate Mapping DTD 3.0//EN"
"http://hibernate.sourceforge.net/hibernate-mapping-3.0.dtd">
	<!--
		Mapping file autogenerated by MyEclipse Persistence Tools
	-->
<hibernate-mapping>
	<class name="instruction.model.Brand" table="brand" catalog="instruction">
		<id name="id">
			<column name="id" />
			<generator class="native" />
		</id>
		<property name="name" type="java.lang.String">
			<column name="name" length="50" not-null="true" />
		</property>
		<property name="nameZh" type="java.lang.String">
			<column name="nameZh" length="50" />
		</property>
		<property name="nameEn" type="java.lang.String">
			<column name="nameEn" length="50" />
		</property>
		<property name="iconUrl" type="java.lang.String">
			<column name="iconUrl" />
		</property>
		<property name="isHot" type="java.lang.Short">
			<column name="isHot" not-null="true" />
		</property>
		<property name="count" type="java.lang.Integer">
			<column name="count" not-null="true" />
		</property>
		<set table="category_brand" name="categorys">
			<key column="bid" />
			<many-to-many column="cid" class="instruction.model.Category" />
		</set>
	</class>
</hibernate-mapping>
