<?xml version="1.0" encoding="utf-8"?>
<!DOCTYPE hibernate-mapping PUBLIC "-//Hibernate/Hibernate Mapping DTD 3.0//EN"
"http://hibernate.sourceforge.net/hibernate-mapping-3.0.dtd">
	<!--
		Mapping file autogenerated by MyEclipse Persistence Tools
	-->
<hibernate-mapping>
	<class name="instruction.model.Comment" table="comment" catalog="instruction">
		<id name="id">
			<column name="id" />
			<generator class="native" />
		</id>
		<property name="username" type="java.lang.String">
			<column name="username" length="50" not-null="true" />
		</property>
		<property name="grade" type="java.lang.Short">
			<column name="grade" not-null="true" />
		</property>
		<property name="content" type="java.lang.String">
			<column name="content" length="65535" />
		</property>
		<property name="dateline" type="java.lang.Integer">
			<column name="dateline" not-null="true" />
		</property>
		<property name="ip" type="java.lang.String">
			<column name="ip" length="20" not-null="true" />
		</property>
		<many-to-one class="instruction.model.Instruction" column="iid"
			name="instruction" />
		<many-to-one class="instruction.model.User" column="uid"
			name="user" />
	</class>
</hibernate-mapping>
