<?xml version="1.0" encoding="utf-8"?>
<!DOCTYPE hibernate-mapping PUBLIC "-//Hibernate/Hibernate Mapping DTD 3.0//EN"
"http://hibernate.sourceforge.net/hibernate-mapping-3.0.dtd">
	<!--
		Mapping file autogenerated by MyEclipse Persistence Tools
	-->
<hibernate-mapping>
	<class name="instruction.model.PhpcmsCDownload" table="phpcms_c_download"
		catalog="instruction">
		<id name="contentid" type="java.lang.Short">
			<column name="contentid" />
			<generator class="foreign">
				<param name="property">pc</param>
			</generator>
		</id>
		<property name="template" type="java.lang.String">
			<column name="template" length="30" not-null="true" />
		</property>
		<property name="content" type="java.lang.String">
			<column name="content" length="16277215" not-null="true" />
		</property>
		<property name="downurls" type="java.lang.String">
			<column name="downurls" length="65535" not-null="true" />
		</property>
		<property name="filesize" type="java.lang.String">
			<column name="filesize" length="20" not-null="true" />
		</property>
		<property name="version" type="java.lang.String">
			<column name="version" length="20" not-null="true" />
		</property>
		<property name="classtype" type="java.lang.String">
			<column name="classtype" length="20" not-null="true" />
		</property>
		<property name="language" type="java.lang.String">
			<column name="language" length="20" not-null="true" />
		</property>
		<property name="copytype" type="java.lang.String">
			<column name="copytype" length="15" not-null="true" />
		</property>
		<property name="stars" type="java.lang.String">
			<column name="stars" length="20" not-null="true" />
		</property>
		<property name="groupidsView" type="java.lang.Short">
			<column name="groupids_view" not-null="true" />
		</property>
		<property name="readpoint" type="java.lang.Integer">
			<column name="readpoint" not-null="true" />
		</property>
		<property name="downurl" type="java.lang.String">
			<column name="downurl" not-null="true" />
		</property>
		<one-to-one name="pc" class="instruction.model.PhpcmsContent"></one-to-one>
	</class>
</hibernate-mapping>
