<?xml version="1.0" encoding="utf-8"?>
<!DOCTYPE hibernate-mapping PUBLIC "-//Hibernate/Hibernate Mapping DTD 3.0//EN"
                                   "http://hibernate.sourceforge.net/hibernate-mapping-3.0.dtd">
	<!--
		Mapping file autogenerated by MyEclipse Persistence Tools
	-->
<hibernate-mapping>
	<class catalog="instruction" name="instruction.model.User" table="user">
		<id name="uid">
			<column name="uid" />
			<generator class="native" />
		</id>
		<property generated="never" lazy="false" name="username"
			type="java.lang.String">
			<column length="50" name="username" />
		</property>
		<property generated="never" lazy="false" name="smsphone"
			type="java.lang.String">
			<column length="11" name="smsphone" />
		</property>
		<property generated="never" lazy="false" name="email"
			type="java.lang.String">
			<column length="50" name="email" />
		</property>
		<property generated="never" lazy="false" name="commentedCount"
			type="java.lang.Integer">
			<column name="commentedCount" not-null="true" />
		</property>
		<property generated="never" lazy="false" name="commentCount"
			type="java.lang.Integer">
			<column name="commentCount" not-null="true" />
		</property>
		<property generated="never" lazy="false" name="downloadCount"
			type="java.lang.Integer">
			<column name="downloadCount" not-null="true" />
		</property>
		<property generated="never" lazy="false" name="downloadedCount"
			type="java.lang.Integer">
			<column name="downloadedCount" not-null="true" />
		</property>
		<property generated="never" lazy="false" name="credit"
			type="java.lang.Integer">
			<column name="credit" not-null="true" />
		</property>
		<property generated="never" lazy="false" name="dateline"
			type="java.lang.Integer">
			<column name="dateline" not-null="true" />
		</property>
		<property generated="never" lazy="false" name="regtime"
			type="java.lang.Integer">
			<column name="regtime" not-null="true" />
		</property>
		<property generated="never" lazy="false" name="logintime"
			type="java.lang.Integer">
			<column name="logintime" not-null="true" />
		</property>
		<property generated="never" lazy="false" name="regip"
			type="java.lang.String">
			<column length="20" name="regip" />
		</property>
		<property generated="never" lazy="false" name="lastip"
			type="java.lang.String">
			<column length="20" name="lastip" />
		</property>
		<set name="instructions" table="Instruction">
			<key column="uid" />
			<one-to-many class="instruction.model.Instruction" />
		</set>
		<set name="comments" table="Comment">
			<key column="uid" />
			<one-to-many class="instruction.model.Comment" />
		</set>
	</class>
</hibernate-mapping>
